tag,area,servicio,pid,marca,modelo,serie,tipo,fluido,caudal,presion,potencia_kw,rpm,tipo_sellado,sello_marca,sello_modelo,sello_diametro_eje,sello_material_caras,sello_material_elastomero,empaque_tipo,empaque_seccion,empaque_anillos,orings_codigo,orings_medida,orings_material,codigo_repuesto_bodega,proveedor,ultima_intervencion,verificado_por,fecha,observaciones
P-1311,Fermentacion,Fermentor re-circulation pump I,PFD1301;PID1303;PID1308,,,,,,,,,,,,,,,,,,,,,,,,,,,
P-1312,Fermentacion,Fermentor re-circulation pump II,PFD1301;PID1304,,,,,,,,,,,,,,,,,,,,,,,,,,,
P-1321,Fermentacion,Prefermentor recirculation pump,PFD1301;PID1302;PID1308,,,,,,,,,,,,,,,,,,,,,,,,,,,
P-1324,Fermentacion,Molasses transfer pump,PFD1301;PID1301,,,,,,,,,,,,,,,,,,,,,,,,,,,
P-1331,Fermentacion,Beer well transfer pump,PFD1301;PID1308,,,,,,,,,,,,,,,,,,,,,,,,,,,
P-1341,Fermentacion,Antifoam dosing pump,PFD1301;PID1302;PID1306,,,,,,,,,,,,,,,,,,,,,,,,,,,
P-1342,Fermentacion,Acid pump,PFD1301;PID1306,,,,,,,,,,,,,,,,,,,,,,,,,,,
P-1343,Fermentacion,Nutrient pump,PFD1301;PID1302;PID1306,,,,,,,,,,,,,,,,,,,,,,,,,,,
P-1351,Fermentacion,CIP pump,PFD1301;PID1301;PID1302,,,,,,,,,,,,,,,,,,,,,,,,,,,
P-1401,Destilacion,Mash column bottom pump,PFD1401;PID1401,,,,,,,,,,,,,,,,,,,,,,,,,,,
P-1451,Destilacion,Purifier bottom transfer pump,PFD1401;PID1403;PID1404,,,,,,,,,,,,,,,,,,,,,,,,,,,
P-1461,Destilacion,Rectifier reflux pump,PFD1401;PID1405;PID1406,,,,,,,,,,,,,,,,,,,,,,,,,,,
P-1462,Destilacion,Rectifier bottom pump,PFD1401;PID1403;PID1406;PID1411,,,,,,,,,,,,,,,,,,,,,,,,,,,
P-1463,Destilacion,FO washing pump,PFD1401;PID1404;PID1407,,,,,,,,,,,,,,,,,,,,,,,,,,,
P-1490,Destilacion,Steam condensate transfer pump,PFD1401;PID1402;PID1409,,,,,,,,,,,,,,,,,,,,,,,,,,,
