tag,prefijo,confianza,en_pid,en_dwg
A-131,A,MEDIA,PID1304_R0,
A-1311,A,MEDIA,PID1303_R0,
A-1312,A,MEDIA,PID1304_R0,
A-1321,A,MEDIA,PFD1301_R0;PID1302_R0,
A-1331,A,MEDIA,PFD1301_R0,
A-1343,A,MEDIA,PID1306_R0,
A-1531,A,BAJA,PFD1301_R0,
A-1543,A,BAJA,PFD1301_R0,
B-1341,B,MEDIA,PFD1301_R0;PID1302_R0;PID1306_R0;PID1307_R0,
BLD-1401,BLD,MEDIA,,D-18033-1-BLD1401_R0.dwg
C-1311,C,MEDIA,PFD1301_R0;PID1304_R0;PID1307_R0,
C-1401,C,ALTA,PFD1401_R0;PID1401_R0;PID1402_R0;PID1403_R0;PID1409_R0,"Ensamblaje Indu 1,2.dwg;Ensamblaje Indu.dwg;Plano indu.dwg;Plano_indu_torre C-1401 1.dwg;Planta Praj (Indu).dwg;Planta Praj.dwg"
C-1451,C,ALTA,PFD1401_R0;PID1404_R0;PID1406_R0;PID1407_R0,"C-1451.dwg;Ensamblaje Indu 1,2.dwg;Planta Praj (Indu).dwg;Planta Praj.dwg"
C-1461,C,ALTA,PFD1401_R0;PID1402_R0;PID1403_R0;PID1405_R0;PID1406_R0,"Ensamblaje Indu 1,2.dwg;Ensamblaje Indu.dwg;Plano indu.dwg;Planta Praj (Indu).dwg;Planta Praj.dwg"
C-1491,C,ALTA,PFD1401_R0;PID1404_R0;PID1406_R0;PID1408_R0,"C-1491.dwg;Ensamblaje Indu 1,2.dwg;Planta Praj (Indu).dwg;Planta Praj.dwg"
ELT-1401,ELT,MEDIA,,D-18033-1-BLD1401_R0.dwg
F-1341,F,MEDIA,PFD1301_R0;PID1306_R0,
H-131,H,MEDIA,PID1304_R0,
H-1311,H,MEDIA,PID1303_R0,
H-1312,H,MEDIA,PFD1301_R0;PID1307_R0,
H-1321,H,MEDIA,PFD1301_R0;PID1302_R0;PID1307_R0,
H-1401,H,ALTA,PID1404_R0,Planta Praj (Indu).dwg;Planta Praj.dwg
H-1401A,H,MEDIA,PID1401_R0,
H-1401A/B,H,ALTA,PFD1401_R0;PID1401_R0;PID1403_R0,D-18033-1-BLD1401_R0.dwg;Plano indu.dwg
H-1401B,H,MEDIA,PID1401_R0,
H-1402,H,ALTA,PFD1401_R0;PID1402_R0;PID1405_R0;PID1406_R0;PID1408_R0,Planta Praj (Indu).dwg;Planta Praj.dwg
H-1403,H,ALTA,PFD1401_R0;PID1401_R0;PID1403_R0;PID1404_R0,D-18033-1-BLD1401_R0.dwg;Plano indu.dwg;Planta Praj (Indu).dwg;Planta Praj.dwg
H-1404,H,ALTA,PFD1401_R0;PID1403_R0;PID1404_R0;PID1410_R0,Planta Praj (Indu).dwg;Planta Praj.dwg
H-1405,H,ALTA,PFD1401_R0;PID1403_R0;PID1404_R0;PID1410_R0,Plano indu.dwg;Planta Praj (Indu).dwg;Planta Praj.dwg
H-1451,H,ALTA,PFD1401_R0;PID1409_R0,"C-1451.dwg;Ensamblaje Indu 1,2.dwg;Plano indu.dwg;Planta Praj (Indu).dwg;Planta Praj.dwg"
H-1452,H,ALTA,PFD1401_R0;PID1404_R0;PID1410_R0,"C-1451.dwg;Ensamblaje Indu 1,2.dwg;Planta Praj (Indu).dwg;Planta Praj.dwg"
H-1453,H,ALTA,PFD1401_R0;PID1404_R0;PID1407_R0;PID1410_R0,"C-1451.dwg;Ensamblaje Indu 1,2.dwg;Plano indu.dwg;Planta Praj (Indu).dwg;Planta Praj.dwg"
H-1461,H,ALTA,PFD1401_R0;PID1406_R0;PID1409_R0,"Ensamblaje Indu 1,2.dwg;Plano indu.dwg;Plano_Indu_torre C-1461.dwg;Planta Praj (Indu).dwg;Planta Praj.dwg"
H-1462,H,ALTA,PFD1401_R0;PID1405_R0;PID1407_R0;PID1408_R0;PID1410_R0,"Ensamblaje Indu 1,2.dwg;Plano_Indu_torre C-1461.dwg;Planta Praj (Indu).dwg;Planta Praj.dwg"
H-1463,H,ALTA,PFD1401_R0;PID1405_R0;PID1407_R0;PID1410_R0,"Ensamblaje Indu 1,2.dwg;Plano_Indu_torre C-1461.dwg;Planta Praj (Indu).dwg;Planta Praj.dwg"
H-1464,H,ALTA,PFD1401_R0;PID1404_R0;PID1406_R0;PID1410_R0,"Ensamblaje Indu 1,2.dwg;Plano_Indu_torre C-1461.dwg;Planta Praj (Indu).dwg;Planta Praj.dwg"
H-1465,H,ALTA,PFD1401_R0;PID1402_R0;PID1410_R0,D-18033-1-BLD1401_R0.dwg;Planta Praj (Indu).dwg;Planta Praj.dwg
H-1466,H,ALTA,PFD1401_R0;PID1402_R0;PID1409_R0;PID1410_R0,D-18033-1-BLD1401_R0.dwg;Plano indu.dwg;Planta Praj (Indu).dwg;Planta Praj.dwg
H-1467,H,ALTA,PFD1401_R0;PID1403_R0;PID1404_R0;PID1406_R0,Planta Praj (Indu).dwg;Planta Praj.dwg
H-1468,H,ALTA,PFD1401_R0;PID1406_R0;PID1408_R0;PID1410_R0,"Ensamblaje Indu 1,2.dwg;Plano indu.dwg;Plano_Indu_torre C-1461.dwg;Planta Praj (Indu).dwg;Planta Praj.dwg"
H-1469,H,MEDIA,PID1403_R0,
H-1491,H,ALTA,PFD1401_R0;PID1404_R0;PID1408_R0;PID1409_R0,"C-1491.dwg;Ensamblaje Indu 1,2.dwg;Planta Praj (Indu).dwg;Planta Praj.dwg"
H-1492,H,ALTA,PFD1401_R0;PID1402_R0;PID1405_R0;PID1408_R0,"C-1491.dwg;Ensamblaje Indu 1,2.dwg;Plano indu.dwg;Planta Praj (Indu).dwg;Planta Praj.dwg"
H-1493,H,ALTA,PFD1401_R0;PID1404_R0;PID1408_R0;PID1410_R0,"C-1491.dwg;Ensamblaje Indu 1,2.dwg;Planta Praj (Indu).dwg;Planta Praj.dwg"
H-1494,H,ALTA,PFD1401_R0;PID1407_R0;PID1408_R0;PID1410_R0,"C-1491.dwg;Ensamblaje Indu 1,2.dwg;Planta Praj (Indu).dwg;Planta Praj.dwg"
H-1495,H,ALTA,PFD1401_R0;PID1408_R0;PID1410_R0,"C-1491.dwg;D-18033-1-BLD1401_R0.dwg;Ensamblaje Indu 1,2.dwg;Plano indu.dwg;Planta Praj (Indu).dwg;Planta Praj.dwg"
H-1496,H,ALTA,PFD1401_R0;PID1407_R0;PID1410_R0,"C-1491.dwg;D-18033-1-BLD1401_R0.dwg;Ensamblaje Indu 1,2.dwg;Planta Praj (Indu).dwg;Planta Praj.dwg"
H-1499,H,MEDIA,PID1408_R0,
K-1451,K,ALTA,PID1403_R0,"C-1451.dwg;D-18033-1-BLD1401_R0.dwg;Ensamblaje Indu 1,2.dwg;Planta Praj (Indu).dwg;Planta Praj.dwg"
K-1491,K,MEDIA,PID1404_R0,
K-1495,K,ALTA,PFD1401_R0;PID1404_R0;PID1405_R0;PID1407_R0;PID1408_R0,"C-1491.dwg;Ensamblaje Indu 1,2.dwg;Plano indu.dwg;Planta Praj (Indu).dwg;Planta Praj.dwg"
LK-1498,LK,MEDIA,PID1407_R0,
M-131,M,MEDIA,PID1304_R0,
M-1311,M,MEDIA,PFD1301_R0;PID1303_R0,
M-1312,M,MEDIA,PID1304_R0,
M-1321,M,MEDIA,PFD1301_R0;PID1302_R0;PID1303_R0,
N-1321,N,MEDIA,PFD1301_R0;PID1302_R0;PID1306_R0,
N-1351,N,MEDIA,PFD1301_R0,
N-1391,N,MEDIA,PID1301_R0,
P-131,P,MEDIA,PID1304_R0,
P-1311,P,MEDIA,PFD1301_R0;PID1303_R0;PID1308_R0,
P-1312,P,MEDIA,PFD1301_R0;PID1304_R0,
P-1321,P,MEDIA,PFD1301_R0;PID1302_R0;PID1308_R0,
P-1324,P,MEDIA,PFD1301_R0;PID1301_R0,
P-1324B,P,MEDIA,PFD1301_R0,
P-1331,P,MEDIA,PFD1301_R0;PID1308_R0,
P-1341,P,MEDIA,PFD1301_R0;PID1302_R0;PID1306_R0,
P-1342,P,MEDIA,PFD1301_R0;PID1306_R0,
P-1343,P,MEDIA,PFD1301_R0;PID1302_R0;PID1306_R0,
P-1351,P,MEDIA,PFD1301_R0;PID1301_R0;PID1302_R0,
P-1391,P,MEDIA,PID1308_R0,
P-1401,P,ALTA,PFD1401_R0;PID1401_R0,Plano indu.dwg;Planta Praj (Indu).dwg;Planta Praj.dwg
P-1401H,P,MEDIA,PFD1401_R0,
P-1451,P,ALTA,PID1403_R0;PID1404_R0,Planta Praj (Indu).dwg;Planta Praj.dwg
P-1461,P,ALTA,PFD1401_R0;PID1405_R0;PID1406_R0,Plano indu.dwg;Planta Praj (Indu).dwg;Planta Praj.dwg
P-1462,P,ALTA,PFD1401_R0;PID1403_R0;PID1406_R0;PID1411_R0,Planta Praj (Indu).dwg;Planta Praj.dwg
P-1463,P,ALTA,PFD1401_R0;PID1404_R0;PID1407_R0,Planta Praj (Indu).dwg;Planta Praj.dwg
P-1490,P,ALTA,PFD1401_R0;PID1402_R0;PID1409_R0,Plano indu.dwg;Planta Praj (Indu).dwg;Planta Praj.dwg
P-1491,P,MEDIA,PID1404_R0,
P-1524,P,BAJA,PID1303_R0,
P-1542,P,BAJA,PID1302_R0,
PGA-1401,PGA,MEDIA,,D-18033-1-BLD1401_R0.dwg
PID-1406,PID,MEDIA,PID1403_R0,
R-1311,R,MEDIA,PID1303_R0;PID1307_R0,
R-1312,R,MEDIA,PID1303_R0;PID1304_R0,
R-1321,R,MEDIA,PFD1301_R0;PID1302_R0;PID1307_R0,
R-1521,R,BAJA,PID1304_R0,
S-1461,S,ALTA,PFD1401_R0;PID1406_R0;PID1410_R0,D-18033-1-BLD1401_R0.dwg;Planta Praj (Indu).dwg;Planta Praj.dwg
T-1324,T,MEDIA,PFD1301_R0;PID1301_R0;PID1304_R0,
T-1331,T,MEDIA,PFD1301_R0,
T-1341,T,MEDIA,PFD1301_R0;PID1306_R0;PID1307_R0,
T-1342,T,MEDIA,PFD1301_R0;PID1306_R0;PID1307_R0,
T-1343,T,MEDIA,PFD1301_R0;PID1306_R0;PID1307_R0,
T-1351,T,MEDIA,PFD1301_R0;PID1301_R0;PID1304_R0;PID1307_R0,
T-1401,T,ALTA,PFD1401_R0;PID1401_R0;PID1402_R0;PID1403_R0,Planta Praj (Indu).dwg;Planta Praj.dwg
T-1461,T,ALTA,PFD1401_R0;PID1402_R0;PID1405_R0;PID1408_R0,Plano indu.dwg;Planta Praj (Indu).dwg;Planta Praj.dwg
T-1463,T,ALTA,PFD1401_R0;PID1407_R0,Planta Praj (Indu).dwg;Planta Praj.dwg
T-1490,T,ALTA,PFD1401_R0;PID1404_R0;PID1406_R0;PID1409_R0,"C-1491.dwg;Ensamblaje Indu 1,2.dwg;Planta Praj (Indu).dwg;Planta Praj.dwg"
TO-075,TO,MEDIA,,D-18033-1-BLD1401_R0.dwg
TO-125,TO,MEDIA,,D-18033-1-BLD1401_R0.dwg
TOC-1461,TOC,MEDIA,PFD1401_R0,
TOH-1466,TOH,MEDIA,PFD1401_R0,
TOM-1312,TOM,MEDIA,PFD1301_R0,
TOY-1319,TOY,MEDIA,PFD1301_R0,
Y-131,Y,MEDIA,PID1304_R0,
Y-1311,Y,MEDIA,PID1303_R0,
Y-1312,Y,MEDIA,PID1304_R0,
Y-1314,Y,MEDIA,PFD1301_R0;PID1303_R0,
Y-1315,Y,MEDIA,PID1304_R0,
Y-1321,Y,MEDIA,PID1302_R0,
Y-1331,Y,MEDIA,PFD1301_R0,
