tag,prefijo,archivo_dwg,veces,x,y
T-1461,T,Práctica I/Práctica I/Prcatica_1_VOCATUS/Prcatica_1_VOCATUS/Plano indu.dwg,5,686.3,12.7
P-1461,P,Práctica I/Práctica I/Prcatica_1_VOCATUS/Prcatica_1_VOCATUS/Plano indu.dwg,2,418.5,255.1
P-1490,P,Práctica I/Práctica I/Prcatica_1_VOCATUS/Prcatica_1_VOCATUS/Plano indu.dwg,1,29.7,8.4
C-1461,C,Práctica I/Práctica I/Prcatica_1_VOCATUS/Prcatica_1_VOCATUS/Plano indu.dwg,1,29.3,12.7
H-1466,H,Práctica I/Práctica I/Prcatica_1_VOCATUS/Prcatica_1_VOCATUS/Plano indu.dwg,2,658.3,10.1
H-1492,H,Práctica I/Práctica I/Prcatica_1_VOCATUS/Prcatica_1_VOCATUS/Plano indu.dwg,1,16.8,22.1
C-1401,C,Práctica I/Práctica I/Prcatica_1_VOCATUS/Prcatica_1_VOCATUS/Plano indu.dwg,1,69.3,33.6
P-1401,P,Práctica I/Práctica I/Prcatica_1_VOCATUS/Prcatica_1_VOCATUS/Plano indu.dwg,3,334.7,4.6
H-1401A/B,H,Práctica I/Práctica I/Prcatica_1_VOCATUS/Prcatica_1_VOCATUS/Plano indu.dwg,2,308.4,-1.3
H-1403,H,Práctica I/Práctica I/Prcatica_1_VOCATUS/Prcatica_1_VOCATUS/Plano indu.dwg,1,99.9,180.4
H-1405,H,Práctica I/Práctica I/Prcatica_1_VOCATUS/Prcatica_1_VOCATUS/Plano indu.dwg,1,203.8,180.5
H-1453,H,Práctica I/Práctica I/Prcatica_1_VOCATUS/Prcatica_1_VOCATUS/Plano indu.dwg,1,311.3,197.6
K-1495,K,Práctica I/Práctica I/Prcatica_1_VOCATUS/Prcatica_1_VOCATUS/Plano indu.dwg,1,1008.8,188.3
H-1495,H,Práctica I/Práctica I/Prcatica_1_VOCATUS/Prcatica_1_VOCATUS/Plano indu.dwg,1,955.5,12.0
H-1451,H,Práctica I/Práctica I/Prcatica_1_VOCATUS/Prcatica_1_VOCATUS/Plano indu.dwg,1,670.5,47.1
H-1468,H,Práctica I/Práctica I/Prcatica_1_VOCATUS/Prcatica_1_VOCATUS/Plano indu.dwg,1,608.6,148.1
H-1461,H,Práctica I/Práctica I/Prcatica_1_VOCATUS/Prcatica_1_VOCATUS/Plano indu.dwg,1,532.1,-3.1
H-1462,H,Práctica I/Práctica I/Prcatica_1_VOCATUS/Prcatica_1_VOCATUS/Plano_Indu_torre C-1461.dwg,1,49691.5,44373.9
H-1463,H,Práctica I/Práctica I/Prcatica_1_VOCATUS/Prcatica_1_VOCATUS/Plano_Indu_torre C-1461.dwg,1,54243.7,42204.5
H-1468,H,Práctica I/Práctica I/Prcatica_1_VOCATUS/Prcatica_1_VOCATUS/Plano_Indu_torre C-1461.dwg,1,53439.5,32917.8
H-1464,H,Práctica I/Práctica I/Prcatica_1_VOCATUS/Prcatica_1_VOCATUS/Plano_Indu_torre C-1461.dwg,1,50602.7,22015.2
H-1461,H,Práctica I/Práctica I/Prcatica_1_VOCATUS/Prcatica_1_VOCATUS/Plano_Indu_torre C-1461.dwg,1,48349.4,15133.1
PGA-1401,PGA,Práctica I/Práctica I/Vocatus/D-18033-1-BLD1401_R0.dwg,2,59521.6,13522.0
BLD-1401,BLD,Práctica I/Práctica I/Vocatus/D-18033-1-BLD1401_R0.dwg,2,,
ELT-1401,ELT,Práctica I/Práctica I/Vocatus/D-18033-1-BLD1401_R0.dwg,1,59521.6,13727.5
TO-075,TO,Práctica I/Práctica I/Vocatus/D-18033-1-BLD1401_R0.dwg,1,60309.1,15459.3
TO-125,TO,Práctica I/Práctica I/Vocatus/D-18033-1-BLD1401_R0.dwg,1,60309.1,15264.7
H-1401A/B,H,Práctica I/Práctica I/Vocatus/D-18033-1-BLD1401_R0.dwg,3,63314.6,20142.9
H-1403,H,Práctica I/Práctica I/Vocatus/D-18033-1-BLD1401_R0.dwg,1,64355.3,19704.5
H-1466,H,Práctica I/Práctica I/Vocatus/D-18033-1-BLD1401_R0.dwg,1,63314.6,19046.9
H-1465,H,Práctica I/Práctica I/Vocatus/D-18033-1-BLD1401_R0.dwg,1,63314.6,18389.2
H-1496,H,Práctica I/Práctica I/Vocatus/D-18033-1-BLD1401_R0.dwg,1,63314.6,18170.0
K-1451,K,Práctica I/Práctica I/Vocatus/D-18033-1-BLD1401_R0.dwg,1,64355.3,17950.8
S-1461,S,Práctica I/Práctica I/Vocatus/D-18033-1-BLD1401_R0.dwg,1,63314.6,17731.6
H-1495,H,Práctica I/Práctica I/Vocatus/D-18033-1-BLD1401_R0.dwg,3,63314.6,17074.0
C-1451,C,Práctica I/Práctica I/Vocatus/Planta Praj/C-1451.dwg,1,1670065.8,594815.8
K-1451,K,Práctica I/Práctica I/Vocatus/Planta Praj/C-1451.dwg,1,1536955.2,951348.3
H-1451,H,Práctica I/Práctica I/Vocatus/Planta Praj/C-1451.dwg,1,1588172.6,442156.0
H-1453,H,Práctica I/Práctica I/Vocatus/Planta Praj/C-1451.dwg,1,1985079.8,1299071.7
H-1452,H,Práctica I/Práctica I/Vocatus/Planta Praj/C-1451.dwg,1,1782625.8,1374102.9
H-1492,H,Práctica I/Práctica I/Vocatus/Planta Praj/C-1491.dwg,1,41817.9,17044.5
H-1491,H,Práctica I/Práctica I/Vocatus/Planta Praj/C-1491.dwg,1,44357.7,17081.7
H-1496,H,Práctica I/Práctica I/Vocatus/Planta Praj/C-1491.dwg,1,50548.2,21574.7
H-1493,H,Práctica I/Práctica I/Vocatus/Planta Praj/C-1491.dwg,1,45983.5,39066.9
H-1494,H,Práctica I/Práctica I/Vocatus/Planta Praj/C-1491.dwg,1,50359.4,37575.0
H-1495,H,Práctica I/Práctica I/Vocatus/Planta Praj/C-1491.dwg,1,48954.2,14846.4
K-1495,K,Práctica I/Práctica I/Vocatus/Planta Praj/C-1491.dwg,1,50342.0,22633.9
C-1491,C,Práctica I/Práctica I/Vocatus/Planta Praj/C-1491.dwg,1,43125.9,20845.2
T-1490,T,Práctica I/Práctica I/Vocatus/Planta Praj/C-1491.dwg,1,45843.0,14160.1
C-1401,C,"Práctica I/Práctica I/Vocatus/Planta Praj/Ensamblaje Indu 1,2.dwg",1,16376834.2,2216929.6
C-1451,C,"Práctica I/Práctica I/Vocatus/Planta Praj/Ensamblaje Indu 1,2.dwg",1,34297054.0,3519074.9
K-1451,K,"Práctica I/Práctica I/Vocatus/Planta Praj/Ensamblaje Indu 1,2.dwg",1,30969290.5,12432387.3
H-1451,H,"Práctica I/Práctica I/Vocatus/Planta Praj/Ensamblaje Indu 1,2.dwg",1,32249723.6,-297421.1
H-1453,H,"Práctica I/Práctica I/Vocatus/Planta Praj/Ensamblaje Indu 1,2.dwg",1,42172404.7,21125470.6
H-1452,H,"Práctica I/Práctica I/Vocatus/Planta Praj/Ensamblaje Indu 1,2.dwg",1,37111054.9,23001251.3
H-1462,H,"Práctica I/Práctica I/Vocatus/Planta Praj/Ensamblaje Indu 1,2.dwg",1,48540675.1,23857232.8
H-1463,H,"Práctica I/Práctica I/Vocatus/Planta Praj/Ensamblaje Indu 1,2.dwg",1,51965888.9,22224955.9
H-1468,H,"Práctica I/Práctica I/Vocatus/Planta Praj/Ensamblaje Indu 1,2.dwg",1,51360797.4,15237366.9
H-1464,H,"Práctica I/Práctica I/Vocatus/Planta Praj/Ensamblaje Indu 1,2.dwg",1,49226285.7,7033994.2
H-1461,H,"Práctica I/Práctica I/Vocatus/Planta Praj/Ensamblaje Indu 1,2.dwg",1,47530822.8,1855769.6
C-1461,C,"Práctica I/Práctica I/Vocatus/Planta Praj/Ensamblaje Indu 1,2.dwg",1,45958058.7,4890782.2
H-1492,H,"Práctica I/Práctica I/Vocatus/Planta Praj/Ensamblaje Indu 1,2.dwg",1,56205569.7,2446491.3
H-1491,H,"Práctica I/Práctica I/Vocatus/Planta Praj/Ensamblaje Indu 1,2.dwg",1,58792119.3,2484355.2
H-1496,H,"Práctica I/Práctica I/Vocatus/Planta Praj/Ensamblaje Indu 1,2.dwg",1,65096363.7,7059952.5
H-1493,H,"Práctica I/Práctica I/Vocatus/Planta Praj/Ensamblaje Indu 1,2.dwg",1,60447800.2,24873610.9
H-1494,H,"Práctica I/Práctica I/Vocatus/Planta Praj/Ensamblaje Indu 1,2.dwg",1,64904100.0,23354304.7
H-1495,H,"Práctica I/Práctica I/Vocatus/Planta Praj/Ensamblaje Indu 1,2.dwg",1,63473088.1,207975.8
K-1495,K,"Práctica I/Práctica I/Vocatus/Planta Praj/Ensamblaje Indu 1,2.dwg",1,64886367.4,8138647.0
C-1491,C,"Práctica I/Práctica I/Vocatus/Planta Praj/Ensamblaje Indu 1,2.dwg",1,57537606.6,6316986.4
T-1490,T,"Práctica I/Práctica I/Vocatus/Planta Praj/Ensamblaje Indu 1,2.dwg",1,60304650.3,-490961.7
C-1461,C,Práctica I/Práctica I/Vocatus/Planta Praj/Ensamblaje Indu.dwg,1,2787295.3,766352.4
C-1401,C,Práctica I/Práctica I/Vocatus/Planta Praj/Ensamblaje Indu.dwg,1,1777083.4,717034.1
C-1401,C,Práctica I/Práctica I/Vocatus/Planta Praj/Plano_indu_torre C-1401 1.dwg,1,15209.6,2279.6
C-1401,C,Práctica I/Práctica I/Vocatus/Planta Praj/Planta Praj (Indu).dwg,2,11759348.9,17961753.9
C-1451,C,Práctica I/Práctica I/Vocatus/Planta Praj/Planta Praj (Indu).dwg,2,11759348.9,16767730.0
K-1451,K,Práctica I/Práctica I/Vocatus/Planta Praj/Planta Praj (Indu).dwg,2,25512226.6,7528373.7
H-1451,H,Práctica I/Práctica I/Vocatus/Planta Praj/Planta Praj (Indu).dwg,2,11759348.9,8578033.2
H-1453,H,Práctica I/Práctica I/Vocatus/Planta Praj/Planta Praj (Indu).dwg,2,11759348.9,6483059.7
H-1452,H,Práctica I/Práctica I/Vocatus/Planta Praj/Planta Praj (Indu).dwg,2,11759348.9,7528373.7
H-1462,H,Práctica I/Práctica I/Vocatus/Planta Praj/Planta Praj (Indu).dwg,2,11759348.9,4113877.2
H-1463,H,Práctica I/Práctica I/Vocatus/Planta Praj/Planta Praj (Indu).dwg,2,11759348.9,2911645.3
H-1468,H,Práctica I/Práctica I/Vocatus/Planta Praj/Planta Praj (Indu).dwg,2,25512226.6,14469487.6
H-1464,H,Práctica I/Práctica I/Vocatus/Planta Praj/Planta Praj (Indu).dwg,2,11759348.9,1709413.5
H-1461,H,Práctica I/Práctica I/Vocatus/Planta Praj/Planta Praj (Indu).dwg,2,11759348.9,5365804.8
C-1461,C,Práctica I/Práctica I/Vocatus/Planta Praj/Planta Praj (Indu).dwg,2,11759348.9,15619091.6
H-1492,H,Práctica I/Práctica I/Vocatus/Planta Praj/Planta Praj (Indu).dwg,2,25512226.6,12294365.2
H-1491,H,Práctica I/Práctica I/Vocatus/Planta Praj/Planta Praj (Indu).dwg,2,25512226.6,13286085.8
H-1496,H,Práctica I/Práctica I/Vocatus/Planta Praj/Planta Praj (Indu).dwg,2,25512226.6,8578033.2
H-1493,H,Práctica I/Práctica I/Vocatus/Planta Praj/Planta Praj (Indu).dwg,2,25512226.6,11425246.7
H-1494,H,Práctica I/Práctica I/Vocatus/Planta Praj/Planta Praj (Indu).dwg,2,25512226.6,10470220.7
H-1495,H,Práctica I/Práctica I/Vocatus/Planta Praj/Planta Praj (Indu).dwg,2,25512226.6,9569271.0
K-1495,K,Práctica I/Práctica I/Vocatus/Planta Praj/Planta Praj (Indu).dwg,2,25512226.6,6483059.7
C-1491,C,Práctica I/Práctica I/Vocatus/Planta Praj/Planta Praj (Indu).dwg,2,11759348.9,14469487.6
T-1490,T,Práctica I/Práctica I/Vocatus/Planta Praj/Planta Praj (Indu).dwg,2,39265104.2,11425246.7
T-1463,T,Práctica I/Práctica I/Vocatus/Planta Praj/Planta Praj (Indu).dwg,2,39265104.2,12294365.2
T-1461,T,Práctica I/Práctica I/Vocatus/Planta Praj/Planta Praj (Indu).dwg,2,39265104.2,13286085.8
H-1402,H,Práctica I/Práctica I/Vocatus/Planta Praj/Planta Praj (Indu).dwg,2,11759348.9,12294365.2
H-1405,H,Práctica I/Práctica I/Vocatus/Planta Praj/Planta Praj (Indu).dwg,2,11759348.9,9569271.0
H-1403,H,Práctica I/Práctica I/Vocatus/Planta Praj/Planta Praj (Indu).dwg,2,11759348.9,11425246.7
H-1404,H,Práctica I/Práctica I/Vocatus/Planta Praj/Planta Praj (Indu).dwg,2,11759348.9,10470220.7
T-1401,T,Práctica I/Práctica I/Vocatus/Planta Praj/Planta Praj (Indu).dwg,2,39265104.2,14469487.6
S-1461,S,Práctica I/Práctica I/Vocatus/Planta Praj/Planta Praj (Indu).dwg,2,39265104.2,15619091.6
H-1401,H,Práctica I/Práctica I/Vocatus/Planta Praj/Planta Praj (Indu).dwg,1,11759348.9,13286085.8
H-1465,H,Práctica I/Práctica I/Vocatus/Planta Praj/Planta Praj (Indu).dwg,1,25512226.6,17961753.9
H-1466,H,Práctica I/Práctica I/Vocatus/Planta Praj/Planta Praj (Indu).dwg,1,25512226.6,16767730.0
H-1467,H,Práctica I/Práctica I/Vocatus/Planta Praj/Planta Praj (Indu).dwg,1,25512226.6,15619091.6
P-1401,P,Práctica I/Práctica I/Vocatus/Planta Praj/Planta Praj (Indu).dwg,1,25512226.6,5365804.8
P-1451,P,Práctica I/Práctica I/Vocatus/Planta Praj/Planta Praj (Indu).dwg,1,25512226.6,4113877.2
P-1461,P,Práctica I/Práctica I/Vocatus/Planta Praj/Planta Praj (Indu).dwg,1,25512226.6,2911645.3
P-1462,P,Práctica I/Práctica I/Vocatus/Planta Praj/Planta Praj (Indu).dwg,1,25512226.6,1709413.5
P-1463,P,Práctica I/Práctica I/Vocatus/Planta Praj/Planta Praj (Indu).dwg,1,39265104.2,17961753.9
P-1490,P,Práctica I/Práctica I/Vocatus/Planta Praj/Planta Praj (Indu).dwg,1,39265104.2,16767730.0
C-1401,C,Práctica I/Práctica I/Vocatus/Planta Praj/Planta Praj.dwg,2,11759348.9,17961753.9
C-1451,C,Práctica I/Práctica I/Vocatus/Planta Praj/Planta Praj.dwg,2,11759348.9,16767730.0
K-1451,K,Práctica I/Práctica I/Vocatus/Planta Praj/Planta Praj.dwg,2,25512226.6,7528373.7
H-1451,H,Práctica I/Práctica I/Vocatus/Planta Praj/Planta Praj.dwg,2,11759348.9,8578033.2
H-1453,H,Práctica I/Práctica I/Vocatus/Planta Praj/Planta Praj.dwg,2,11759348.9,6483059.7
H-1452,H,Práctica I/Práctica I/Vocatus/Planta Praj/Planta Praj.dwg,2,11759348.9,7528373.7
H-1462,H,Práctica I/Práctica I/Vocatus/Planta Praj/Planta Praj.dwg,2,11759348.9,4113877.2
H-1463,H,Práctica I/Práctica I/Vocatus/Planta Praj/Planta Praj.dwg,2,11759348.9,2911645.3
H-1468,H,Práctica I/Práctica I/Vocatus/Planta Praj/Planta Praj.dwg,2,25512226.6,14469487.6
H-1464,H,Práctica I/Práctica I/Vocatus/Planta Praj/Planta Praj.dwg,2,11759348.9,1709413.5
H-1461,H,Práctica I/Práctica I/Vocatus/Planta Praj/Planta Praj.dwg,2,11759348.9,5365804.8
C-1461,C,Práctica I/Práctica I/Vocatus/Planta Praj/Planta Praj.dwg,2,11759348.9,15619091.6
H-1492,H,Práctica I/Práctica I/Vocatus/Planta Praj/Planta Praj.dwg,2,25512226.6,12294365.2
H-1491,H,Práctica I/Práctica I/Vocatus/Planta Praj/Planta Praj.dwg,2,25512226.6,13286085.8
H-1496,H,Práctica I/Práctica I/Vocatus/Planta Praj/Planta Praj.dwg,2,25512226.6,8578033.2
H-1493,H,Práctica I/Práctica I/Vocatus/Planta Praj/Planta Praj.dwg,2,25512226.6,11425246.7
H-1494,H,Práctica I/Práctica I/Vocatus/Planta Praj/Planta Praj.dwg,2,25512226.6,10470220.7
H-1495,H,Práctica I/Práctica I/Vocatus/Planta Praj/Planta Praj.dwg,2,25512226.6,9569271.0
K-1495,K,Práctica I/Práctica I/Vocatus/Planta Praj/Planta Praj.dwg,2,25512226.6,6483059.7
C-1491,C,Práctica I/Práctica I/Vocatus/Planta Praj/Planta Praj.dwg,2,11759348.9,14469487.6
T-1490,T,Práctica I/Práctica I/Vocatus/Planta Praj/Planta Praj.dwg,2,39265104.2,11425246.7
T-1463,T,Práctica I/Práctica I/Vocatus/Planta Praj/Planta Praj.dwg,2,39265104.2,12294365.2
T-1461,T,Práctica I/Práctica I/Vocatus/Planta Praj/Planta Praj.dwg,2,39265104.2,13286085.8
H-1402,H,Práctica I/Práctica I/Vocatus/Planta Praj/Planta Praj.dwg,2,11759348.9,12294365.2
H-1405,H,Práctica I/Práctica I/Vocatus/Planta Praj/Planta Praj.dwg,2,11759348.9,9569271.0
H-1403,H,Práctica I/Práctica I/Vocatus/Planta Praj/Planta Praj.dwg,2,11759348.9,11425246.7
H-1404,H,Práctica I/Práctica I/Vocatus/Planta Praj/Planta Praj.dwg,2,11759348.9,10470220.7
T-1401,T,Práctica I/Práctica I/Vocatus/Planta Praj/Planta Praj.dwg,2,39265104.2,14469487.6
S-1461,S,Práctica I/Práctica I/Vocatus/Planta Praj/Planta Praj.dwg,2,39265104.2,15619091.6
H-1401,H,Práctica I/Práctica I/Vocatus/Planta Praj/Planta Praj.dwg,1,11759348.9,13286085.8
H-1465,H,Práctica I/Práctica I/Vocatus/Planta Praj/Planta Praj.dwg,1,25512226.6,17961753.9
H-1466,H,Práctica I/Práctica I/Vocatus/Planta Praj/Planta Praj.dwg,1,25512226.6,16767730.0
H-1467,H,Práctica I/Práctica I/Vocatus/Planta Praj/Planta Praj.dwg,1,25512226.6,15619091.6
P-1401,P,Práctica I/Práctica I/Vocatus/Planta Praj/Planta Praj.dwg,1,25512226.6,5365804.8
P-1451,P,Práctica I/Práctica I/Vocatus/Planta Praj/Planta Praj.dwg,1,25512226.6,4113877.2
P-1461,P,Práctica I/Práctica I/Vocatus/Planta Praj/Planta Praj.dwg,1,25512226.6,2911645.3
P-1462,P,Práctica I/Práctica I/Vocatus/Planta Praj/Planta Praj.dwg,1,25512226.6,1709413.5
P-1463,P,Práctica I/Práctica I/Vocatus/Planta Praj/Planta Praj.dwg,1,39265104.2,17961753.9
P-1490,P,Práctica I/Práctica I/Vocatus/Planta Praj/Planta Praj.dwg,1,39265104.2,16767730.0
